business-plans,2950
adobe-creative-suite,2938
apple-xcode,2888
database-management,2880
perl,2875
video-streaming,2867
business-analysis,2865
vba,2861
direct-marketing,2850
flyer-design,2825
photo-manipulation,2794
jquery-mobile,2783
press-release-writing,2783
infographics,2763
b2b-marketing,2752
codeigniter,2732
pay-per-click,2721
oscommerce,2697
ghostwriting,2678
cad-design,2652
google-adsense,2646
database-administration,2622
stata,2576
chinese,2561
business-development,2557
smarty,2544
public-relations,2535
git,2534
ebook-writing,2530
linux-system-administration,2477
audio-editing,2448
google-maps-api,2438
phone-support,2414
game-development,2407
sales-promotion,2406
paypal-integration,2402
database-modeling,2390
legal-writing,2365
construction,2320
word-processing,2293
cakephp,2247
shopify,2222
bigcommerce,2164
motion-graphics,2122
opencart,2110
custom-cms,2092
amazon-ec2,2080
pdf-conversion,2049
adobe-acrobat,2030
skype,2006
